Date,Energy,Bond
30/12/2011,619.47,126.91
02/01/2012,624.84,126.95
03/01/2012,633.81,127.66
04/01/2012,626.69,126.82
05/01/2012,619.51,126.23
06/01/2012,616.69,126.25
09/01/2012,623.16,126.48
10/01/2012,636.74,127.42
11/01/2012,656.86,127.1
12/01/2012,668.32,127.54
13/01/2012,651.14,126.75
16/01/2012,650.17,127.43
17/01/2012,659.29,128.06
18/01/2012,672.46,128.61
19/01/2012,666.21,129.29
20/01/2012,665.5,129.47
23/01/2012,664.68,130.44
24/01/2012,658.39,129.76
25/01/2012,659.88,129.44
26/01/2012,671.07,131.63
27/01/2012,683.94,131.5
30/01/2012,674.39,131.28
31/01/2012,668.66,131.61
01/02/2012,677.18,132.96
02/02/2012,684.05,133.01
03/02/2012,694.09,133.34
06/02/2012,697.24,132.92
07/02/2012,705.46,133.49
08/02/2012,713.32,133.7
09/02/2012,742.29,133.66
10/02/2012,727.5,132.54
13/02/2012,721.07,133.06
14/02/2012,709.26,132.61
15/02/2012,706.55,132.63
16/02/2012,706.97,132.16
17/02/2012,721.09,132.65
20/02/2012,726.36,133.6
21/02/2012,728.55,133.07
22/02/2012,722.16,132.7
23/02/2012,702.36,133.17
24/02/2012,695.03,133.87
27/02/2012,689.09,133.81
28/02/2012,694.67,134.16
29/02/2012,682.62,134.64
01/03/2012,681.68,134.29
02/03/2012,684.11,133.61
05/03/2012,675.19,133.24
06/03/2012,657.75,131.99
07/03/2012,655.61,131.94
08/03/2012,662.85,133.27
09/03/2012,669.41,132.89
12/03/2012,661.77,132.17
13/03/2012,673.44,132.64
14/03/2012,668.17,131.13
15/03/2012,674.38,131.81
16/03/2012,679.16,132.23
19/03/2012,673.45,132.69
20/03/2012,670.97,131.71
21/03/2012,662.83,131.64
22/03/2012,659.4,131.11
23/03/2012,665.56,131.73
26/03/2012,666.95,132.71
27/03/2012,667.31,132.49
28/03/2012,653.91,131.85
29/03/2012,648.98,131.61
30/03/2012,649.3,132.16
02/04/2012,647.71,132.41
03/04/2012,645.49,132.57
04/04/2012,631.44,130.87
05/04/2012,634.03,130.94
06/04/2012,634.54,130.96
09/04/2012,627.07,130.65
10/04/2012,622.16,130.2
11/04/2012,627.71,130.66
12/04/2012,630.25,131.55
13/04/2012,619.85,130.97
16/04/2012,619.89,130.71
17/04/2012,629.32,131.58
18/04/2012,624.4,131.47
19/04/2012,619.66,131.33
20/04/2012,616.04,131.81
23/04/2012,599.45,131.03
24/04/2012,601.47,131.72
25/04/2012,604.09,131.76
26/04/2012,602.72,132.06
27/04/2012,606.91,132.51
30/04/2012,605.54,132.48
01/05/2012,608.25,132.45
02/05/2012,604.19,132.21
03/05/2012,593.55,132.23
04/05/2012,589.87,131.56
07/05/2012,582.61,131.47
08/05/2012,577.22,130.69
09/05/2012,571.42,129.85
10/05/2012,574.98,130.03
11/05/2012,569.44,129.74
14/05/2012,555.22,128.58
15/05/2012,540.38,127.66
16/05/2012,530.44,127.35
17/05/2012,522.32,126.9
18/05/2012,505.97,126.9
21/05/2012,507.91,127.35
22/05/2012,510.73,127.55
23/05/2012,504.53,125.96
24/05/2012,505.78,126.95
25/05/2012,505.27,126.65
28/05/2012,507.29,127.19
29/05/2012,510.9,127.27
30/05/2012,505.72,126.11
31/05/2012,502.42,125.77
01/06/2012,492.17,125.71
04/06/2012,487.52,126.97
05/06/2012,492.58,126.9
06/06/2012,499.44,127.43
07/06/2012,502.77,127.8
08/06/2012,502.4,127.24
11/06/2012,498.14,127.74
12/06/2012,504.97,127.27
13/06/2012,502.39,128.21
14/06/2012,501.93,128.36
15/06/2012,515.28,129
18/06/2012,514.83,128.89
19/06/2012,523.89,129.96
20/06/2012,529.37,130.17
21/06/2012,518.3,129.45
22/06/2012,516.96,128.71
25/06/2012,507.84,128.16
26/06/2012,504.06,128.26
27/06/2012,508.28,128.42
28/06/2012,507.66,128.17
29/06/2012,522.58,130.72
02/07/2012,524.72,130.6
03/07/2012,530.31,130.96
04/07/2012,530.5,130.81
05/07/2012,522.63,130.67
06/07/2012,517.29,129.95
09/07/2012,507.61,130.22
10/07/2012,504.76,130.47
11/07/2012,504.22,130.64
12/07/2012,500.01,129.89
13/07/2012,499.12,130.72
16/07/2012,497.3,130.89
17/07/2012,493.06,131.06
18/07/2012,483.92,131.95
19/07/2012,485.3,132.18
20/07/2012,474.16,131.85
23/07/2012,459.83,130.88
24/07/2012,450.28,130.48
25/07/2012,443.62,130.38
26/07/2012,451.62,132.09
27/07/2012,458.78,132.46
30/07/2012,450.9,132.71
31/07/2012,458.82,133.23
01/08/2012,454.45,133.18
02/08/2012,455.01,132.51
03/08/2012,463.25,133.92
06/08/2012,476.74,134.31
07/08/2012,487.99,133.96
08/08/2012,491.65,134.06
09/08/2012,494.56,134.13
10/08/2012,489.88,134.5
13/08/2012,485.47,133.98
14/08/2012,489.17,133.73
15/08/2012,485.85,133.47
16/08/2012,494.56,133.56
17/08/2012,499.74,133.14
20/08/2012,502.8,133.5
21/08/2012,510.28,134.14
22/08/2012,505.11,133.72
23/08/2012,506.64,134.64
24/08/2012,503.92,134.24
27/08/2012,499.71,134.27
28/08/2012,501.95,134.21
29/08/2012,494.88,133.51
30/08/2012,479.05,133.13
31/08/2012,483,133.9
03/09/2012,484.8,133.36
04/09/2012,481.56,133.19
05/09/2012,478,133.21
06/09/2012,485.32,133.66
07/09/2012,494.51,135.24
10/09/2012,497.34,135.17
11/09/2012,494.89,135.68
12/09/2012,484.62,135.32
13/09/2012,488.48,135.36
14/09/2012,500.91,136.67
17/09/2012,500.16,136.27
18/09/2012,501.49,136.18
19/09/2012,507.01,136.58
20/09/2012,498.06,136.02
21/09/2012,501.54,136.31
24/09/2012,501.09,136
25/09/2012,500.06,136.74
26/09/2012,490.14,135.7
27/09/2012,499.06,136.57
28/09/2012,493.61,136.4
01/10/2012,496.8,136.3
02/10/2012,497.4,135.96
03/10/2012,490.36,135.05
04/10/2012,492.2,135.56
05/10/2012,494.24,135.59
08/10/2012,492.86,134.69
09/10/2012,485.01,134.53
10/10/2012,481.09,134.73
11/10/2012,486.9,134.93
12/10/2012,485.24,135.14
15/10/2012,487.83,134.85
16/10/2012,495.61,135.23
17/10/2012,503.34,135.99
18/10/2012,507.01,136.04
19/10/2012,492.77,135.8
22/10/2012,491.43,135.83
23/10/2012,473.47,134.69
24/10/2012,470.72,134.85
25/10/2012,472.58,134.93
26/10/2012,467.01,135.03
29/10/2012,469.21,135.05
30/10/2012,469.05,135.66
31/10/2012,468,135.45
01/11/2012,468.69,135.65
02/11/2012,464.59,135.14
05/11/2012,459.32,135.33
06/11/2012,467.13,135.54
07/11/2012,466.25,135.45
08/11/2012,462.03,135.22
09/11/2012,457.73,134.96
12/11/2012,451.94,135.01
13/11/2012,450.81,134.85
14/11/2012,446.62,134.52
15/11/2012,448.62,134.7
16/11/2012,452.29,134.38
19/11/2012,461.42,135.47
20/11/2012,456.7,134.99
21/11/2012,457.83,134.78
22/11/2012,459.59,135.36
23/11/2012,466.73,136.03
26/11/2012,475.16,136.34
27/11/2012,470.68,135.96
28/11/2012,470.23,136.12
29/11/2012,477.03,136.4
30/11/2012,477.52,136.25
03/12/2012,472.87,136.6
04/12/2012,477.88,137.05
05/12/2012,480.12,137.07
06/12/2012,484.96,137.29
07/12/2012,491.88,137.09
10/12/2012,491.28,137.01
11/12/2012,493.9,137.59
12/12/2012,501.8,137.69
13/12/2012,502.16,137.58
14/12/2012,508.82,137.48
17/12/2012,524.74,137.88
18/12/2012,518.21,138.25
19/12/2012,527.28,138.56
20/12/2012,533.28,138.63
21/12/2012,531.92,138.06
24/12/2012,528.54,137.85
25/12/2012,531.63,137.87
26/12/2012,529.69,138.03
27/12/2012,527.14,138.24
28/12/2012,518.51,138.46
31/12/2012,519.4,138.53
01/01/2013,519.4,138.55
02/01/2013,532.23,139.11
03/01/2013,540.58,138.35
04/01/2013,546.59,137.72
07/01/2013,543,138.38
08/01/2013,537.28,138.09
09/01/2013,545.42,138.12
10/01/2013,553.73,138.8
11/01/2013,554.6,138.73
14/01/2013,550.31,139.05
15/01/2013,552.23,138.7
16/01/2013,545.75,138.56
17/01/2013,545.09,138.6
18/01/2013,548.11,137.94
21/01/2013,545.59,138.12
22/01/2013,549.42,138.27
23/01/2013,548.75,138.02
24/01/2013,544.02,138.24
25/01/2013,538.7,138.55
28/01/2013,534.92,138.19
29/01/2013,535.36,138.74
30/01/2013,534.81,138.78
31/01/2013,531.39,139.14
01/02/2013,529.9,139.95
04/02/2013,524.8,139.54
05/02/2013,519.21,139.23
06/02/2013,527.78,139
07/02/2013,529.34,138.23
08/02/2013,525.51,138.39
11/02/2013,527.84,138.32
12/02/2013,534.17,138.83
13/02/2013,531.34,139.27
14/02/2013,539.72,139.18
15/02/2013,544.07,139.06
18/02/2013,541.79,138.88
19/02/2013,541.74,139.13
20/02/2013,545.53,139.06
21/02/2013,535.54,138
22/02/2013,535.48,137.89
25/02/2013,534.39,138.12
26/02/2013,526.49,137.44
27/02/2013,526.63,137.72
28/02/2013,529.94,137.56
01/03/2013,527.84,137.23
04/03/2013,526.1,137.32
05/03/2013,531.4,137.72
06/03/2013,535.03,137.64
07/03/2013,535.8,137.89
08/03/2013,535.82,137.37
11/03/2013,534.62,137.56
12/03/2013,529.4,137.84
13/03/2013,522.36,137.33
14/03/2013,529.8,137.41
15/03/2013,533.72,137.89
18/03/2013,525.67,137.76
19/03/2013,526.31,137.35
20/03/2013,531.05,137.38
21/03/2013,537.21,137.45
22/03/2013,540.77,137.51
25/03/2013,529.93,137.27
26/03/2013,532.19,137.47
27/03/2013,532.91,137.2
28/03/2013,535.13,137.51
29/03/2013,538.11,137.54
01/04/2013,536.36,137.54
02/04/2013,526.77,137.68
03/04/2013,528.07,137.66
04/04/2013,523.69,137.4
05/04/2013,522.48,138.41
08/04/2013,526.68,138.81
09/04/2013,546.73,139.19
10/04/2013,561.71,139.47
11/04/2013,569.97,139.92
12/04/2013,590.17,139.61
15/04/2013,595.51,139.22
16/04/2013,592.31,139.08
17/04/2013,578.27,138.41
18/04/2013,570.22,138.42
19/04/2013,579.36,138.33
22/04/2013,579.8,138.27
23/04/2013,585.72,137.85
24/04/2013,594.63,137.86
25/04/2013,596.68,138.29
26/04/2013,596.38,138.49
29/04/2013,605.59,138.99
30/04/2013,612.97,139.49
01/05/2013,615.62,139.29
02/05/2013,616.15,138.99
03/05/2013,616.26,139.2
06/05/2013,619.85,138.81
07/05/2013,623.68,138.71
08/05/2013,634.58,139.12
09/05/2013,631.39,138.91
10/05/2013,635.31,137.7
13/05/2013,638.76,137.54
14/05/2013,650.04,137.26
15/05/2013,652.94,136.78
16/05/2013,655.97,137.06
17/05/2013,654.89,136.28
20/05/2013,673.06,136.58
21/05/2013,676.43,136.48
22/05/2013,660.59,136.36
23/05/2013,641.68,136.11
24/05/2013,654.34,136.24
27/05/2013,651.77,136.17
28/05/2013,650.98,135.54
29/05/2013,668.29,135.63
30/05/2013,665.26,135.9
31/05/2013,653.86,134.94
03/06/2013,654.21,135.61
04/06/2013,653.58,135.63
05/06/2013,641.6,135.11
06/06/2013,633.89,135.33
07/06/2013,635.41,135.16
10/06/2013,646.93,134.56
11/06/2013,638.04,134.58
12/06/2013,639.24,135.38
13/06/2013,636.41,135.66
14/06/2013,640.06,136.6
17/06/2013,658.41,136.08
18/06/2013,659.56,135.67
19/06/2013,656.06,136.13
20/06/2013,629.38,132.87
21/06/2013,627.34,132.28
24/06/2013,612.32,131.51
25/06/2013,610.67,131.86
26/06/2013,626.02,132.03
27/06/2013,635.65,132.1
28/06/2013,638.42,131.89
01/07/2013,639.46,132.51
02/07/2013,642.12,132.36
03/07/2013,634.27,131.7
04/07/2013,639.14,132.13
05/07/2013,641.42,130.77
08/07/2013,645.69,131.27
09/07/2013,650.55,131.31
10/07/2013,652.01,131.48
11/07/2013,667.02,132.1
12/07/2013,662.74,132.1
15/07/2013,673.28,132.33
16/07/2013,680.76,133.45
17/07/2013,678.64,133.47
18/07/2013,680.27,133.54
19/07/2013,683.64,134.05
22/07/2013,692.82,134.65
23/07/2013,693.87,134.85
24/07/2013,696.76,134.41
25/07/2013,691.49,134.19
26/07/2013,687.76,134.48
29/07/2013,680.22,134.38
30/07/2013,688.91,133.76
31/07/2013,683.05,133.67
01/08/2013,693.23,133.05
02/08/2013,703.05,133.35
05/08/2013,706.83,133.13
06/08/2013,706.11,133.65
07/08/2013,686.61,133.91
08/08/2013,691.99,134.6
09/08/2013,694.97,134.68
12/08/2013,698.4,134.3
13/08/2013,694.81,133.42
14/08/2013,697.08,133.81
15/08/2013,686.54,133.13
16/08/2013,686.83,133.66
19/08/2013,670.3,133.36
20/08/2013,668.77,133.64
21/08/2013,663.86,132.67
22/08/2013,668.97,132.45
23/08/2013,676.11,132.78
26/08/2013,669.99,132.81
27/08/2013,657.94,132.77
28/08/2013,650.87,132.41
29/08/2013,652.39,131.87
30/08/2013,655.67,131.54
02/09/2013,658.89,131.78
03/09/2013,670.73,131.58
04/09/2013,668.44,131.96
05/09/2013,681.47,131.1
06/09/2013,687.37,131.88
09/09/2013,689.76,132.64
10/09/2013,698.79,132.84
11/09/2013,703.71,133.12
12/09/2013,698.6,133.3
13/09/2013,700.76,133.02
16/09/2013,707.08,134.09
17/09/2013,704.4,134.16
18/09/2013,710.49,134.22
19/09/2013,719.35,136.03
20/09/2013,714.22,135.51
23/09/2013,717.17,135.64
24/09/2013,717.78,135.54
25/09/2013,719.37,135.31
26/09/2013,734.86,135.2
27/09/2013,744.17,135.28
30/09/2013,747.47,135.4
01/10/2013,759.08,135.65
02/10/2013,763.46,135.78
03/10/2013,766.68,135.99
04/10/2013,770.85,135.78
07/10/2013,764.07,135.7
08/10/2013,765.84,135.84
09/10/2013,763.53,135.38
10/10/2013,774.03,135.25
11/10/2013,778.93,135.6
14/10/2013,779.08,135.73
15/10/2013,785.27,135.43
16/10/2013,790.73,135.45
17/10/2013,800.34,136.75
18/10/2013,809.88,136.84
21/10/2013,815.66,136.8
22/10/2013,817.22,137.56
23/10/2013,802.87,137.31
24/10/2013,797.62,137.39
25/10/2013,782.74,137.49
28/10/2013,776.74,137.47
29/10/2013,778.28,137.16
30/10/2013,775.9,137.28
31/10/2013,772.02,136.35
01/11/2013,773.69,135.59
04/11/2013,787.65,135.98
05/11/2013,788.54,135.42
06/11/2013,793.93,135.84
07/11/2013,769.79,135.46
08/11/2013,771.67,134.6
11/11/2013,777.07,134.81
12/11/2013,774.48,134.44
13/11/2013,776.25,134.34
14/11/2013,788.35,134.77
15/11/2013,791.26,135.02
18/11/2013,793.8,135.69
19/11/2013,779.68,135.55
20/11/2013,774.7,135.42
21/11/2013,775.94,134.91
22/11/2013,772.95,135.26
25/11/2013,771.75,135.3
26/11/2013,767.82,135.41
27/11/2013,769.36,135.33
28/11/2013,770.56,135.46
29/11/2013,772.39,135.63
02/12/2013,768.33,135.2
03/12/2013,758.96,135.47
04/12/2013,755.68,135.1
05/12/2013,755.59,135.33
06/12/2013,755.8,135.46
09/12/2013,751.25,135.55
10/12/2013,754.45,135.91
11/12/2013,746.09,135.74
12/12/2013,743.3,135.33
13/12/2013,743.4,135.39
16/12/2013,745.85,135.59
17/12/2013,746.31,135.51
18/12/2013,750.11,135.69
19/12/2013,755.24,134.86
20/12/2013,746.09,134.86
23/12/2013,752.58,135.05
24/12/2013,748.96,134.8
25/12/2013,748.44,134.81
26/12/2013,751.02,134.88
27/12/2013,765.82,135.07
30/12/2013,768.7,135.56
31/12/2013,770.87,135.44
02/01/2014,787.79,134.75
03/01/2014,791.2,134.66
06/01/2014,787.09,134.81
07/01/2014,792.71,134.79
08/01/2014,794.77,134.48
09/01/2014,794.45,134.31
10/01/2014,797.2,135.22
13/01/2014,794.01,135.4
14/01/2014,793.35,135.63
15/01/2014,798.72,134.98
16/01/2014,807.81,135.06
17/01/2014,810.35,135.03
20/01/2014,807.66,135.09
21/01/2014,804.52,134.94
22/01/2014,808.4,135.05
23/01/2014,797.23,135.6
24/01/2014,773.34,135.52
27/01/2014,755.39,135.56
28/01/2014,770.42,135.58
29/01/2014,770.68,135.45
30/01/2014,771.14,135.06
31/01/2014,775.02,134.83
03/02/2014,756.72,135.11
04/02/2014,747.52,135.2
05/02/2014,744.23,135.38
06/02/2014,759,135.68
07/02/2014,780.06,135.86
10/02/2014,785.98,135.95
11/02/2014,785.22,136.24
12/02/2014,792.09,135.9
13/02/2014,796.69,136.18
14/02/2014,794.81,136.34
17/02/2014,799.9,136.44
18/02/2014,806.19,136.57
19/02/2014,800.89,136.58
20/02/2014,798.13,136.18
21/02/2014,805.76,136.34
24/02/2014,818.17,136.51
25/02/2014,817.76,136.7
26/02/2014,819.22,136.46
27/02/2014,832.15,136.72
28/02/2014,835.43,137.3
03/03/2014,830.81,137.16
04/03/2014,850.25,137.04
05/03/2014,848.87,137.08
06/03/2014,862.54,137.49
07/03/2014,860.57,137.41
10/03/2014,852.03,137.62
11/03/2014,854.78,137.57
12/03/2014,846.01,137.88
13/03/2014,833.48,138.28
14/03/2014,816.22,138.25
17/03/2014,822.07,138.28
18/03/2014,828.62,138.34
19/03/2014,839.62,138.06
20/03/2014,829.23,137.06
21/03/2014,820.92,137.08
24/03/2014,818.61,137.25
25/03/2014,814.91,137.43
26/03/2014,808.81,137.61
27/03/2014,820.62,137.54
28/03/2014,824.39,137.46
31/03/2014,828.31,137.76
01/04/2014,834.49,137.82
02/04/2014,837,137.42
03/04/2014,824.8,137.07
04/04/2014,822.96,137.4
07/04/2014,809.2,137.74
08/04/2014,810.26,138.18
09/04/2014,818.14,138.2
10/04/2014,806.21,138.75
11/04/2014,796.53,138.82
14/04/2014,784.72,138.34
15/04/2014,776.97,138.42
16/04/2014,793.07,138.19
17/04/2014,797.05,138.15
18/04/2014,797.48,138.18
21/04/2014,800.15,138
22/04/2014,819.78,138
23/04/2014,818.03,138.17
24/04/2014,814.14,138.1
25/04/2014,803.43,138.26
28/04/2014,787.64,138.44
29/04/2014,784.46,138.38
30/04/2014,788.09,138.9
01/05/2014,791,139.03
02/05/2014,798.38,139.11
05/05/2014,797.23,139.03
06/05/2014,795.87,139.54
07/05/2014,778.84,139.51
08/05/2014,772.88,139.57
09/05/2014,775.39,138.84
12/05/2014,795.38,138.89
13/05/2014,794.38,138.96
14/05/2014,798.96,139.21
15/05/2014,780.94,139.4
16/05/2014,774.42,139.32
19/05/2014,777.55,139.29
20/05/2014,777.45,139.08
21/05/2014,789.04,138.82
22/05/2014,802.85,138.86
23/05/2014,810.64,138.67
26/05/2014,817.86,138.86
27/05/2014,816.23,138.73
28/05/2014,817.16,138.82
29/05/2014,825.09,138.96
30/05/2014,822.07,138.9
02/06/2014,822.75,138.52
03/06/2014,820.25,138.33
04/06/2014,817.49,138.31
05/06/2014,824.43,138.5
06/06/2014,830.81,139.11
09/06/2014,833.75,138.73
10/06/2014,832.82,138.28
11/06/2014,836.58,138.34
12/06/2014,840.18,138.66
13/06/2014,849.41,138.71
16/06/2014,850.47,139.01
17/06/2014,864.61,138.53
18/06/2014,873.19,138.74
19/06/2014,872.96,139.33
20/06/2014,875.34,138.85
23/06/2014,869.61,139.16
24/06/2014,861.33,139.17
25/06/2014,865.75,139.64
26/06/2014,874.06,139.51
27/06/2014,877.69,139.79
30/06/2014,880.75,140.28
01/07/2014,879,140.22
02/07/2014,879.85,139.86
03/07/2014,890.07,139.39
04/07/2014,884.78,139.35
07/07/2014,874.96,139.43
08/07/2014,851.85,139.77
09/07/2014,851.57,139.99
10/07/2014,842.63,139.93
11/07/2014,843.35,139.84
14/07/2014,848.66,139.97
15/07/2014,843.98,139.67
16/07/2014,846.99,139.47
17/07/2014,837.94,139.54
18/07/2014,847.86,139.43
21/07/2014,849.39,139.57
22/07/2014,861.6,139.34
23/07/2014,857.28,139.51
24/07/2014,860.1,139.34
25/07/2014,858.71,139.35
28/07/2014,860.8,139.31
29/07/2014,855.09,139.2
30/07/2014,855.43,138.58
31/07/2014,837.16,138.5
01/08/2014,826.23,139.05
04/08/2014,835.43,138.91
05/08/2014,838.05,138.56
06/08/2014,838.66,138.63
07/08/2014,842.2,138.79
08/08/2014,836.3,139.04
11/08/2014,855.3,139.03
12/08/2014,853.2,138.9
13/08/2014,861.73,139.2
14/08/2014,865.19,139.35
15/08/2014,867.34,139.55
18/08/2014,876.1,139.31
19/08/2014,881.83,139.1
20/08/2014,883.62,138.86
21/08/2014,879.76,138.81
22/08/2014,878.88,138.54
25/08/2014,885.88,138.28
26/08/2014,882.72,138.36
27/08/2014,885.09,138.57
28/08/2014,875.42,138.47
29/08/2014,877.31,138.54
01/09/2014,874.65,138.34
02/09/2014,876.44,137.86
03/09/2014,882.46,137.96
04/09/2014,888.03,137.17
05/09/2014,889.66,137.15
08/09/2014,890.33,136.97
09/09/2014,869.06,136.41
10/09/2014,868.99,136.42
11/09/2014,869.37,136.46
12/09/2014,865.96,136.04
15/09/2014,847.99,136.2
16/09/2014,843.38,136.22
17/09/2014,846.22,136.42
18/09/2014,847.09,136.12
19/09/2014,842.74,135.81
22/09/2014,831.98,135.77
23/09/2014,826.99,135.97
24/09/2014,832.77,135.56
25/09/2014,823,135.34
26/09/2014,823.96,134.79
29/09/2014,813.61,134.78
30/09/2014,805.54,134.62
01/10/2014,790.82,134.7
02/10/2014,784.91,134.97
03/10/2014,789.29,133.83
06/10/2014,768.5,134.5
07/10/2014,768.68,135.07
08/10/2014,766.2,135.26
09/10/2014,753.01,135.65
10/10/2014,734,135
13/10/2014,725.51,135.49
14/10/2014,726.52,135.57
15/10/2014,723.77,136.39
16/10/2014,723.75,136.06
17/10/2014,736.34,135.9
20/10/2014,741.72,136.02
21/10/2014,754.6,135.73
22/10/2014,755.91,135.38
23/10/2014,753.57,135.06
24/10/2014,754.01,135.29
27/10/2014,742.11,135.46
28/10/2014,762.87,135.73
29/10/2014,761.95,135.83
30/10/2014,763.92,135.19
31/10/2014,776.56,134.56
03/11/2014,773.82,134.16
04/11/2014,766.29,134.68
05/11/2014,762.54,134.16
06/11/2014,752.65,133.77
07/11/2014,761.33,133.85
10/11/2014,757.86,133.96
11/11/2014,757.35,133.88
12/11/2014,752.19,134.25
13/11/2014,747.44,134.1
14/11/2014,750.72,133.51
17/11/2014,747.27,133.69
18/11/2014,755.31,134.28
19/11/2014,757.06,134.06
20/11/2014,761.64,134.27
21/11/2014,771.05,133.88
24/11/2014,776.58,133.95
25/11/2014,779.25,134.35
26/11/2014,784.73,134.73
27/11/2014,780.03,134.46
28/11/2014,764.48,134.29
01/12/2014,740.66,134.17
02/12/2014,745.29,133.47
03/12/2014,749.18,133.1
04/12/2014,746.99,133.78
05/12/2014,749.95,132.75
08/12/2014,739.77,132.95
09/12/2014,734.99,133.81
10/12/2014,739.34,133.74
11/12/2014,736.61,133.43
12/12/2014,730.08,134.09
15/12/2014,720.51,133.58
16/12/2014,712.92,134.11
17/12/2014,709.82,133.37
18/12/2014,724.34,132.78
19/12/2014,726.9,132.82
22/12/2014,730.36,132.69
23/12/2014,730.46,132.14
24/12/2014,732.82,132.15
25/12/2014,732.51,132.18
26/12/2014,736.13,132.16
29/12/2014,738.21,132.43
30/12/2014,732.43,132.6
31/12/2014,735.16,132.31
02/01/2015,737.83,131.94
05/01/2015,724.29,131.47
06/01/2015,723.44,131.73
07/01/2015,723.64,130.97
08/01/2015,738.62,130.87
09/01/2015,737.63,131.4
12/01/2015,730.89,131.27
13/01/2015,734.45,131.2
14/01/2015,733.29,131.49
15/01/2015,724.33,130.87
16/01/2015,722.51,130.39
19/01/2015,724.94,131.19
20/01/2015,721.68,130.66
21/01/2015,729.47,130.43
22/01/2015,731.92,129.75
23/01/2015,735.22,129.18
26/01/2015,757.46,128.95
27/01/2015,767.49,129.88
28/01/2015,761.19,129.74
29/01/2015,758.3,129.47
30/01/2015,753.02,129.36
02/02/2015,767.7,129.64
03/02/2015,784.83,130.03
04/02/2015,784.05,129.91
05/02/2015,788.46,129.99
06/02/2015,788.49,129.17
09/02/2015,785.81,129.15
10/02/2015,793.44,128.98
11/02/2015,788.26,128.72
12/02/2015,799.32,129.32
13/02/2015,804.5,129.5
16/02/2015,803.97,129.54
17/02/2015,803.23,129.27
18/02/2015,803.36,129.2
19/02/2015,798.13,129.27
20/02/2015,799.18,129.22
23/02/2015,800.87,129.23
24/02/2015,813.34,129.33
25/02/2015,819.98,129.76
26/02/2015,822.53,128.96
27/02/2015,822.95,129.02
02/03/2015,834.89,128.69
03/03/2015,843.46,128.6
04/03/2015,867.43,127.8
05/03/2015,905.23,127.71
06/03/2015,885.16,126.26
09/03/2015,868.32,126.42
10/03/2015,856.19,125.94
11/03/2015,854.98,125.25
12/03/2015,858.56,125.46
13/03/2015,852.67,124.75
16/03/2015,857.32,125.08
17/03/2015,860.58,125.2
18/03/2015,872.33,125.71
19/03/2015,871.22,125.68
20/03/2015,884.93,126.87
23/03/2015,888.93,127.65
24/03/2015,890.92,127.54
25/03/2015,886.44,127.86
26/03/2015,874.98,127.29
27/03/2015,875.26,127.19
30/03/2015,886.77,126.74
31/03/2015,891.45,126.47
01/04/2015,902.52,126.69
02/04/2015,911.33,127.26
03/04/2015,911.17,127.36
06/04/2015,917.79,128.38
07/04/2015,916.85,127.37
08/04/2015,927.73,127.06
09/04/2015,940.22,126.28
10/04/2015,941.92,125.94
13/04/2015,948.28,125.68
14/04/2015,944.45,126.64
15/04/2015,951.3,126.29
16/04/2015,953.3,127.1
17/04/2015,944.59,127.5
20/04/2015,935.35,127.26
21/04/2015,942.37,127.06
22/04/2015,949.65,126.66
23/04/2015,959.11,127.19
24/04/2015,953.71,127.64
27/04/2015,954.83,127.86
28/04/2015,959.46,128.46
29/04/2015,948.63,129.25
30/04/2015,939.41,128.96
01/05/2015,938,128.79
04/05/2015,945.56,128.19
05/05/2015,937.9,128.24
06/05/2015,937.46,128.94
07/05/2015,934.63,128.33
08/05/2015,952.5,128.46
11/05/2015,956.13,127.75
12/05/2015,951.12,128.12
13/05/2015,955.56,128.76
14/05/2015,957.99,129.06
15/05/2015,961.22,129.73
18/05/2015,958.59,129.06
19/05/2015,955.94,127.51
20/05/2015,930.01,127.39
21/05/2015,929.92,127.64
22/05/2015,929.49,126.97
25/05/2015,926.72,127.02
26/05/2015,919.68,126.43
27/05/2015,922,126.15
28/05/2015,915.61,126.43
29/05/2015,911.13,126.81
01/06/2015,910.52,126.08
02/06/2015,911.87,126.98
03/06/2015,912.92,127.16
04/06/2015,903.63,127.4
05/06/2015,899,126.07
08/06/2015,890.38,126.59
09/06/2015,877.14,126.63
10/06/2015,887.56,126.96
11/06/2015,892.3,126.95
12/06/2015,889.58,127.3
15/06/2015,880.36,127.18
16/06/2015,882.73,127.18
17/06/2015,886.51,127.12
18/06/2015,892.86,128.06
19/06/2015,884.16,127.95
22/06/2015,896.59,127.92
23/06/2015,901.88,126.68
24/06/2015,894.83,126.76
25/06/2015,886.51,126.75
26/06/2015,877.52,126.08
29/06/2015,851.13,126.59
30/06/2015,858.56,126.54
01/07/2015,859.65,125.97
02/07/2015,857.57,125.87
03/07/2015,852.9,125.96
06/07/2015,825.9,125.95
07/07/2015,808.86,125.32
08/07/2015,794.35,125.99
09/07/2015,821.4,125.59
10/07/2015,845.4,125.85
13/07/2015,855.92,125.14
14/07/2015,857.75,125.19
15/07/2015,845.98,125.2
16/07/2015,855.13,124.92
17/07/2015,851.37,124.71
20/07/2015,856.16,124.77
21/07/2015,855.63,125.24
22/07/2015,821.38,124.99
23/07/2015,815.22,125.46
24/07/2015,807.81,125.29
27/07/2015,794.16,126.11
28/07/2015,797.65,125.62
29/07/2015,815.97,125.6
30/07/2015,798.99,125.06
31/07/2015,801.58,125.82
03/08/2015,798.39,125.24
04/08/2015,795.54,124.82
05/08/2015,806.14,123.93
06/08/2015,794.78,124.13
07/08/2015,787.81,124.4
10/08/2015,796.38,124.47
11/08/2015,782.59,125.01
12/08/2015,778.32,125.83
13/08/2015,780.91,125.3
14/08/2015,780.76,125.45
17/08/2015,782.52,125.33
18/08/2015,780.24,125.05
19/08/2015,764.34,125.19
20/08/2015,737.34,126.11
21/08/2015,712.89,126.69
24/08/2015,687.42,127.84
25/08/2015,696.81,126.4
26/08/2015,697.75,126.5
27/08/2015,725.56,125.56
28/08/2015,731.29,125.67
31/08/2015,719.53,125.33
01/09/2015,702.87,125.53
02/09/2015,701.37,125.31
03/09/2015,704.81,124.8
04/09/2015,692.78,124.65
07/09/2015,695.65,124.79
08/09/2015,708.49,124.99
09/09/2015,716.52,124.98
10/09/2015,715.37,125.17
11/09/2015,711.66,125.74
14/09/2015,709.7,125.89
15/09/2015,713.76,125.33
16/09/2015,722.73,125.51
17/09/2015,724.71,125.67
18/09/2015,716.45,126.53
21/09/2015,712.21,124.88
22/09/2015,699.95,124.58
23/09/2015,686.44,124.56
24/09/2015,679.71,125.61
25/09/2015,684.83,124.73
28/09/2015,671.56,124.9
29/09/2015,668.13,124.74
30/09/2015,687.28,124.5
01/10/2015,690.85,125.06
02/10/2015,712.57,125.66
05/10/2015,730.96,125.32
06/10/2015,740.74,125.77
07/10/2015,753.88,125.83
08/10/2015,756,126.03
09/10/2015,765.38,126.56
12/10/2015,759.35,126.87
13/10/2015,751.27,126.84
14/10/2015,760.63,127.32
15/10/2015,774.26,126.99
16/10/2015,767.1,126.93
19/10/2015,762.04,126.45
20/10/2015,764.88,126.4
21/10/2015,761.7,126.65
22/10/2015,762.1,125.78
23/10/2015,761.49,124.91
26/10/2015,759.05,125.28
27/10/2015,742.72,125.35
28/10/2015,749.27,125.44
29/10/2015,750.09,124.47
30/10/2015,745.9,125.12
02/11/2015,750.72,124.9
03/11/2015,752.36,124.42
04/11/2015,753.28,123.85
05/11/2015,750.34,123.81
06/11/2015,753.55,122.67
09/11/2015,743.99,122.91
10/11/2015,725.78,122.87
11/11/2015,723.02,123.1
12/11/2015,714.98,123.19
13/11/2015,706.09,123.08
16/11/2015,709.89,122.96
17/11/2015,703.46,122.5
18/11/2015,706.62,122.53
19/11/2015,711.82,123.02
20/11/2015,714.47,122.57
23/11/2015,712.97,122.3
24/11/2015,715.12,122.35
25/11/2015,715,121.85
26/11/2015,716.68,122.01
27/11/2015,714.77,121.88
30/11/2015,710.37,121.78
01/12/2015,722.14,122.34
02/12/2015,730.75,122.16
03/12/2015,733.13,122.83
04/12/2015,731.91,123.15
07/12/2015,725.18,123.1
08/12/2015,716.46,123.07
09/12/2015,718.09,123.78
10/12/2015,708.15,123.64
11/12/2015,693.58,124.12
14/12/2015,706.73,123.91
15/12/2015,718.32,123.13
16/12/2015,751.82,123.11
17/12/2015,752.88,122.73
18/12/2015,748.36,123.04
21/12/2015,748.69,123.34
22/12/2015,741.28,123.46
23/12/2015,752.16,123.01
24/12/2015,756.89,123.47
28/12/2015,751.52,123.73
29/12/2015,751.63,123.17
30/12/2015,748.42,123.11
31/12/2015,748.76,122.91
04/01/2016,741.06,122.76
05/01/2016,739.28,122.4
06/01/2016,730.6,122.68
07/01/2016,703.68,123
08/01/2016,699.03,123.35
11/01/2016,684.03,123.08
12/01/2016,677.38,123
13/01/2016,668.21,123.26
14/01/2016,657.85,122.99
15/01/2016,637.03,123.57
18/01/2016,629,123.14
19/01/2016,634.83,123.24
20/01/2016,616.67,123.27
21/01/2016,611.44,123.07
22/01/2016,634.99,123.14
25/01/2016,629.56,123.2
26/01/2016,636.41,123.48
27/01/2016,640.35,123.62
28/01/2016,636.97,124.16
29/01/2016,659.51,123.98
01/02/2016,663.91,124.3
02/02/2016,647.56,124.42
03/02/2016,646.45,125.39
04/02/2016,653.88,126.06
05/02/2016,639.57,125.8
08/02/2016,618.87,125.98
09/02/2016,620.78,126.79
10/02/2016,611.52,126.13
11/02/2016,590.14,126.98
12/02/2016,590.55,126.14
15/02/2016,604.25,125.77
16/02/2016,614.88,125.51
17/02/2016,626.12,125.56
18/02/2016,630.91,125.69
19/02/2016,624.23,125.61
22/02/2016,635.1,125.43
23/02/2016,627.69,125.36
24/02/2016,631.96,125.35
25/02/2016,637.98,125.61
26/02/2016,643.54,124.83
29/02/2016,643.99,124.68
01/03/2016,649.04,124.43
02/03/2016,660.98,124.22
03/03/2016,670.04,125.04
04/03/2016,679.82,125.26
07/03/2016,684.84,125.25
08/03/2016,674.83,125.87
09/03/2016,678.69,125.64
10/03/2016,677.62,126.08
11/03/2016,694.02,126.37
14/03/2016,694.42,126.22
15/03/2016,686.46,126.15
16/03/2016,686.74,126.01
17/03/2016,706.47,127.79
18/03/2016,714.03,127.78
21/03/2016,710.54,127.54
22/03/2016,705.37,127.24
23/03/2016,690.05,126.94
24/03/2016,684.51,126.78
25/03/2016,685.04,126.79
28/03/2016,688.72,127.18
29/03/2016,694.67,127.35
30/03/2016,708.39,128.61
31/03/2016,708.27,129
01/04/2016,701.14,128.75
04/04/2016,694.95,129.06
05/04/2016,684.99,129.1
06/04/2016,685.49,129.04
07/04/2016,681.55,129.3
08/04/2016,687.61,129.45
11/04/2016,692.36,129.71
12/04/2016,699.89,129.28
13/04/2016,709.55,129.04
14/04/2016,706.2,128.84
15/04/2016,706,129.2
18/04/2016,702.81,129.31
19/04/2016,710.78,129.72
20/04/2016,712.37,129.52
21/04/2016,712.46,129.01
22/04/2016,709.83,128.79
25/04/2016,699.88,128.87
26/04/2016,706.48,128.96
27/04/2016,710.65,129.09
28/04/2016,705.09,129.34
29/04/2016,703.89,130.08
02/05/2016,693.75,130.34
03/05/2016,676.72,130.51
04/05/2016,672.44,130.27
05/05/2016,664.88,130
06/05/2016,667.13,129.95
09/05/2016,659.69,129.88
10/05/2016,664.54,129.9
11/05/2016,671.26,130.19
12/05/2016,665.38,129.89
13/05/2016,657.6,129.36
16/05/2016,658.87,129.45
17/05/2016,661.38,129.51
18/05/2016,650.74,128.89
19/05/2016,639.86,128.41
20/05/2016,650.97,128.47
23/05/2016,653.5,128.37
24/05/2016,657.84,128.21
25/05/2016,661.71,128.28
26/05/2016,660.41,128.68
27/05/2016,659.42,128.39
30/05/2016,661.23,128.32
31/05/2016,663.52,128.38
01/06/2016,673.92,128.58
02/06/2016,674.86,128.64
03/06/2016,678.22,130.02
06/06/2016,687.81,130.2
07/06/2016,691.83,130.34
08/06/2016,690.91,130.62
09/06/2016,684.46,130.4
10/06/2016,659.49,130.27
13/06/2016,645.24,130.37
14/06/2016,634.3,129.87
15/06/2016,638.46,130.08
16/06/2016,633.47,129.59
17/06/2016,648.28,130.12
20/06/2016,663.1,130.57
21/06/2016,661.44,130.21
22/06/2016,666.86,130.26
23/06/2016,676.12,130.55
24/06/2016,645.38,129.39
27/06/2016,632.5,128.77
28/06/2016,648.29,129.38
29/06/2016,667.69,129.92
30/06/2016,677.94,129.9
01/07/2016,681.02,130.37
04/07/2016,680.13,130.57
05/07/2016,673.19,130.65
06/07/2016,673.61,130.39
07/07/2016,674.03,130.45
08/07/2016,684.17,130.38
11/07/2016,699.17,130.4
12/07/2016,699.68,130.35
13/07/2016,694.62,130.78
14/07/2016,699.43,130.61
15/07/2016,693.91,130.16
18/07/2016,700.68,130.23
19/07/2016,696.29,129.97
20/07/2016,704.54,129.94
21/07/2016,706.18,129.93
22/07/2016,705.3,129.8
25/07/2016,705.69,129.85
26/07/2016,712.22,129.91
27/07/2016,708.97,130.13
28/07/2016,701.27,130.72
29/07/2016,702.39,131.57
01/08/2016,708.4,131.34
02/08/2016,702.97,131.48
03/08/2016,705.95,131.19
04/08/2016,711.91,131.34
05/08/2016,711.65,130.69
08/08/2016,716.33,130.75
09/08/2016,718.23,131.15
10/08/2016,707.58,131.71
11/08/2016,709.69,131.62
12/08/2016,708.19,131.8
15/08/2016,713.49,131.77
16/08/2016,712.03,132
17/08/2016,712.66,132.1
18/08/2016,724.7,132.63
19/08/2016,722.86,132.36
22/08/2016,720.37,132.62
23/08/2016,722.47,132.63
24/08/2016,720.25,132.2
25/08/2016,717.41,132.29
26/08/2016,719.04,132.2
29/08/2016,714.8,131.63
30/08/2016,714.71,131.53
31/08/2016,710.96,131.44
01/09/2016,711.92,131.71
02/09/2016,717.46,131.48
05/09/2016,725.65,131.43
06/09/2016,737.44,132.32
07/09/2016,739.79,132.41
08/09/2016,742.34,132.27
09/09/2016,729.15,131.47
12/09/2016,717.78,131.39
13/09/2016,706.33,131.19
14/09/2016,697.17,131.45
15/09/2016,699.76,131.36
16/09/2016,696.24,130.96
19/09/2016,706.42,131.11
20/09/2016,708.48,131.13
21/09/2016,714.09,130.98
22/09/2016,725.51,131.9
23/09/2016,719.97,131.77
26/09/2016,711.7,132.19
27/09/2016,714.86,131.94
28/09/2016,717.4,131.91
29/09/2016,719.39,132.13
30/09/2016,701.89,132.01
03/10/2016,705.43,131.83
04/10/2016,700.15,131.28
05/10/2016,707.66,131.21
06/10/2016,708.59,130.86
07/10/2016,697.68,130.78
10/10/2016,702.25,130.6
11/10/2016,691.21,129.93
12/10/2016,689.83,129.61
13/10/2016,691.37,129.83
14/10/2016,696.87,129.59
17/10/2016,695.21,129.59
18/10/2016,702.02,129.69
19/10/2016,705.02,129.72
20/10/2016,702.8,129.52
21/10/2016,698.04,129.22
24/10/2016,696.48,129.23
25/10/2016,690.65,129.07
26/10/2016,689.7,129.18
27/10/2016,685.57,128.74
28/10/2016,680.45,128.82
31/10/2016,681.43,129.08
01/11/2016,671.96,129.45
02/11/2016,659.78,130.09
03/11/2016,647.96,129.88
04/11/2016,646.84,130.15
07/11/2016,661.53,129.58
08/11/2016,662.46,129.55
09/11/2016,630.37,128.38
10/11/2016,617.97,127.55
11/11/2016,611.46,127.32
14/11/2016,606.11,125.94
15/11/2016,611.83,126.02
16/11/2016,611.51,125.7
17/11/2016,610.42,125.59
18/11/2016,608.76,124.83
21/11/2016,608.31,125.1
22/11/2016,613.27,125.06
23/11/2016,616.82,124.54
24/11/2016,620.38,124.73
25/11/2016,621.52,124.94
28/11/2016,625.28,125.01
29/11/2016,618.86,125.23
30/11/2016,618.26,124.81
01/12/2016,613.29,124.42
02/12/2016,608.71,125.06
05/12/2016,613.47,125.35
06/12/2016,614.75,125.38
07/12/2016,625.45,125.87
08/12/2016,625.14,125
09/12/2016,623.05,124.55
12/12/2016,621.82,124.79
13/12/2016,626.54,125.06
14/12/2016,617.28,125.19
15/12/2016,608.37,123.47
16/12/2016,607.97,123.47
19/12/2016,614.38,123.87
20/12/2016,610.7,123.54
21/12/2016,608.16,123.95
22/12/2016,610.03,124.04
23/12/2016,609.18,124.15
26/12/2016,609.44,124.15
27/12/2016,615.95,124.12
28/12/2016,615.31,124
29/12/2016,618.4,124.69
30/12/2016,621.57,125.1
02/01/2017,624.19,125.1
03/01/2017,626.79,124.1
04/01/2017,634.61,124.59
05/01/2017,639.49,125.58
06/01/2017,638.75,125.2
09/01/2017,639.69,125.16
10/01/2017,641.7,125.41
11/01/2017,646.04,124.88
12/01/2017,648.87,126.07
13/01/2017,648.64,125.79
16/01/2017,647.77,125.67
17/01/2017,654.02,126.43
18/01/2017,654.99,126.24
19/01/2017,649.47,125.43
20/01/2017,649.95,125.65
23/01/2017,651.23,126.41
24/01/2017,649.91,126.32
25/01/2017,654.77,126.06
26/01/2017,653.18,125.61
27/01/2017,651.88,125.89
30/01/2017,644.05,125.84
31/01/2017,648.3,126.57
01/02/2017,654.21,126.17
02/02/2017,655.08,126.69
03/02/2017,657.8,126.57
06/02/2017,653.56,126.32
07/02/2017,651.52,126.14
08/02/2017,656.62,126.6
09/02/2017,657.26,126.27
10/02/2017,664.8,125.9
13/02/2017,672.22,125.75
14/02/2017,674.49,125.36
15/02/2017,681.09,125.35
16/02/2017,683.08,126.16
17/02/2017,682.21,126.03
20/02/2017,683.82,126.02
21/02/2017,691.6,125.53
22/02/2017,687.76,125.76
23/02/2017,686.51,126.33
24/02/2017,680.57,126.55
27/02/2017,679.3,126.69
28/02/2017,677.47,126.75
01/03/2017,680.2,125.9
02/03/2017,677.84,125.55
03/03/2017,676.75,125.57
06/03/2017,674.56,125.82
07/03/2017,676.19,125.76
08/03/2017,674.82,125.28
09/03/2017,667.65,125
10/03/2017,668.87,125.34
13/03/2017,675.2,125.49
14/03/2017,672.95,125.46
15/03/2017,675.34,125.74
16/03/2017,684.42,126.3
17/03/2017,684.83,126.4
20/03/2017,680.45,126.54
21/03/2017,670.38,127
22/03/2017,662.4,127.21
23/03/2017,662.51,127.09
24/03/2017,664.6,127.31
27/03/2017,663.76,127.88
28/03/2017,669.84,127.78
29/03/2017,671.81,127.25
30/03/2017,668.32,127.15
31/03/2017,670.39,126.93
03/04/2017,669.28,126.88
04/04/2017,671.12,126.95
05/04/2017,666.06,127.04
06/04/2017,667.57,127.06
07/04/2017,667.81,126.84
10/04/2017,669.98,126.78
11/04/2017,672.28,127.05
12/04/2017,669.56,127.17
13/04/2017,664.6,127.44
14/04/2017,663.43,127.44
17/04/2017,670.74,127.7
18/04/2017,667.02,128.09
19/04/2017,663.43,128.07
20/04/2017,663.34,128.2
21/04/2017,658.88,127.7
24/04/2017,666.23,128.66
25/04/2017,670.52,128.7
26/04/2017,667.81,128.52
27/04/2017,662.47,128.65
28/04/2017,666.02,128.79
01/05/2017,670.22,128.9
02/05/2017,675.58,128.91
03/05/2017,677.45,128.94
04/05/2017,671.47,128.9
05/05/2017,678.83,129.07
08/05/2017,675.42,128.74
09/05/2017,679.09,128.38
10/05/2017,681.04,128.36
11/05/2017,677.29,128.34
12/05/2017,677.95,128.94
15/05/2017,684.44,129.16
16/05/2017,685.25,129.7
17/05/2017,677.54,130.57
18/05/2017,664.71,130.44
19/05/2017,672.4,130.78
22/05/2017,673.7,131
23/05/2017,675.87,130.88
24/05/2017,681.18,130.69
25/05/2017,683.86,131.05
26/05/2017,680.6,130.99
29/05/2017,680.22,131.03
30/05/2017,682.28,131.17
31/05/2017,679.81,131.62
01/06/2017,680.56,131.45
02/06/2017,680.71,131.98
05/06/2017,678.79,131.84
06/06/2017,680.95,132.14
07/06/2017,675.99,132.08
08/06/2017,675.53,131.87
09/06/2017,671.65,131.61
12/06/2017,669.09,131.76
13/06/2017,670.57,131.82
14/06/2017,672.01,132.6
15/06/2017,664.65,131.54
16/06/2017,664.66,131.92
19/06/2017,669.54,131.71
20/06/2017,663.55,131.56
21/06/2017,665.61,131.66
22/06/2017,673.12,131.79
23/06/2017,677.03,131.98
26/06/2017,681.11,132.13
27/06/2017,678.61,132.06
28/06/2017,682.48,132.51
29/06/2017,678.4,132.54
30/06/2017,681.68,132.34
03/07/2017,683.12,132.01
04/07/2017,680.79,131.89
05/07/2017,678.12,131.82
06/07/2017,680.1,131.9
07/07/2017,678.98,131.82
10/07/2017,681.23,131.93
11/07/2017,681.27,132.1
12/07/2017,690.4,132.42
13/07/2017,691.12,132.38
14/07/2017,699.25,132.79
17/07/2017,700.41,133.07
18/07/2017,706.43,133.9
19/07/2017,715.74,133.74
20/07/2017,718.88,134.42
21/07/2017,715.81,134.67
24/07/2017,716.74,134.67
25/07/2017,716.38,134.41
26/07/2017,718.43,134.32
27/07/2017,711.82,134.59
28/07/2017,717.66,135.13
31/07/2017,719.2,135.42
01/08/2017,720.22,135.88
02/08/2017,718.48,136.13
03/08/2017,721.86,136.41
04/08/2017,724.27,135.53
07/08/2017,731.83,135.85
08/08/2017,729,135.43
09/08/2017,724.37,135.72
10/08/2017,714.14,135.9
11/08/2017,714.63,136.27
14/08/2017,720.54,136.1
15/08/2017,721.81,135.51
16/08/2017,724.4,135.45
17/08/2017,713.33,135.86
18/08/2017,718.4,135.91
21/08/2017,710.53,136.45
22/08/2017,715.72,136.03
23/08/2017,717.07,136.49
24/08/2017,719.85,136.43
25/08/2017,719.82,136.85
28/08/2017,720.9,137.39
29/08/2017,722.38,138.09
30/08/2017,723.03,137.37
31/08/2017,724.03,137.3
01/09/2017,725.14,137.14
04/09/2017,723.73,137.41
05/09/2017,723.32,137.81
06/09/2017,723.12,137.75
07/09/2017,726.73,138.42
08/09/2017,723.73,138.57
11/09/2017,729.21,138.13
12/09/2017,730.94,137.63
13/09/2017,726.59,137.37
14/09/2017,734.46,137.03
15/09/2017,733.4,137.56
18/09/2017,730.41,137.39
19/09/2017,731.71,137.49
20/09/2017,732.63,137.64
21/09/2017,728.43,137.06
22/09/2017,729.85,137.4
25/09/2017,714.93,137.05
26/09/2017,711.41,136.34
27/09/2017,716.69,135.76
28/09/2017,715.07,135.95
29/09/2017,714.14,136.25
02/10/2017,718.08,135.79
03/10/2017,725.89,135.93
04/10/2017,725.95,136.06
05/10/2017,726.1,135.77
06/10/2017,727.38,135.75
09/10/2017,722.45,135.9
10/10/2017,728.58,136.47
11/10/2017,729.66,136.54
12/10/2017,734.01,136.69
13/10/2017,735.68,136.96
16/10/2017,731.21,136.82
17/10/2017,736.23,136.58
18/10/2017,736.78,136.55
19/10/2017,732.59,137.01
20/10/2017,733.22,136.31
23/10/2017,733.91,136.15
24/10/2017,728.86,135.99
25/10/2017,727.87,136.12
26/10/2017,732.21,135.65
27/10/2017,741.19,135.1
30/10/2017,744.52,135.65
31/10/2017,743.95,135.85
01/11/2017,743.78,135.65
02/11/2017,745.88,136.02
03/11/2017,739.57,135.76
06/11/2017,745.95,135.79
07/11/2017,734.78,135.83
08/11/2017,741.37,135.91
09/11/2017,729.98,135.91
10/11/2017,725.43,135.79
13/11/2017,724.43,135.65
14/11/2017,722.32,136.17
15/11/2017,717.09,136.52
16/11/2017,722.64,136.37
17/11/2017,716.82,136.45
20/11/2017,716.11,136.31
21/11/2017,713.68,136.35
22/11/2017,717.59,136.81
23/11/2017,716.81,137.17
24/11/2017,720.02,137.55
27/11/2017,712.64,137.57
28/11/2017,720.97,137.22
29/11/2017,712.92,136.9
30/11/2017,712.49,137.32
01/12/2017,707.41,137.43
04/12/2017,695.31,137.18
05/12/2017,695.42,137.32
06/12/2017,692.49,137.26
07/12/2017,702.67,137.11
08/12/2017,711.44,136.8
11/12/2017,715.31,137.01
12/12/2017,711.74,136.55
13/12/2017,716.31,136.84
14/12/2017,720.38,137.06
15/12/2017,723.3,136.97
18/12/2017,732.56,137.19
19/12/2017,727.45,136.7
20/12/2017,730.77,136.95
21/12/2017,739.86,136.77
22/12/2017,740.61,136.69
26/12/2017,740.8,136.96
27/12/2017,747.5,137.36
28/12/2017,750.74,137.46
29/12/2017,752.03,137.99
02/01/2018,762.36,138.02
03/01/2018,760.73,138.09
04/01/2018,754.49,138.44
05/01/2018,759.59,138.24
08/01/2018,770.13,137.95
09/01/2018,766.82,137.44
10/01/2018,766.88,137.61
11/01/2018,781.34,137.82
12/01/2018,778.37,138.42
15/01/2018,779.15,139.24
16/01/2018,775.11,139.14
17/01/2018,773.58,139.21
18/01/2018,774.31,139.1
19/01/2018,774.5,138.99
22/01/2018,775.77,139.18
23/01/2018,774.29,139.5
24/01/2018,770.26,140.02
25/01/2018,774.12,140.76
26/01/2018,772.72,140.27
29/01/2018,774.12,139.55
30/01/2018,773.82,139.77
31/01/2018,774.52,140.15
01/02/2018,769.6,139.98
02/02/2018,757.43,139.53
05/02/2018,740.07,139.6
06/02/2018,728.81,139.19
07/02/2018,731.67,138.79
08/02/2018,719.09,138.42
09/02/2018,715.7,138.27
12/02/2018,724.85,138.27
13/02/2018,734.16,138.71
14/02/2018,743.13,138.81
15/02/2018,758.93,139.25
16/02/2018,761.96,139.38
19/02/2018,760.97,138.95
20/02/2018,763.4,138.58
21/02/2018,765.22,138.43
22/02/2018,763.87,138.42
23/02/2018,763.37,138.62
26/02/2018,769.74,138.71
27/02/2018,763.2,138.28
28/02/2018,757.27,138.05
01/03/2018,753.79,138.07
02/03/2018,753.05,138.62
05/03/2018,753.78,138.66
06/03/2018,762.18,139
07/03/2018,759.7,139.13
08/03/2018,763.43,138.82
09/03/2018,768.05,138.73
12/03/2018,774.24,138.88
13/03/2018,774.26,139.35
14/03/2018,776.16,139.3
15/03/2018,773.29,139.1
16/03/2018,770.38,138.8
19/03/2018,774.64,138.97
20/03/2018,779.05,138.52
21/03/2018,782.26,138.55
22/03/2018,772.15,138.98
23/03/2018,763.32,139.24
26/03/2018,780.17,139.81
27/03/2018,777.5,139.79
28/03/2018,764.4,139.45
29/03/2018,765.23,139.24
30/03/2018,765.49,139.25
02/04/2018,763.24,139.38
03/04/2018,772.23,139.12
04/04/2018,773.21,139.2
05/04/2018,782.3,138.69
06/04/2018,778.89,139.07
09/04/2018,785.4,139.36
10/04/2018,789.61,139.67
11/04/2018,790.01,139.96
12/04/2018,789.95,139.45
13/04/2018,786.65,139.57
16/04/2018,780.64,139.79
17/04/2018,782.5,139.83
18/04/2018,793.09,139.92
19/04/2018,796.22,139.59
20/04/2018,790.57,138.85
23/04/2018,783.96,138.28
24/04/2018,782.69,138.26
25/04/2018,776.2,137.78
26/04/2018,783.35,137.58
27/04/2018,797.67,137.55
30/04/2018,798.74,137.49
01/05/2018,794.52,136.8
02/05/2018,792.01,136.5
03/05/2018,789,136.69
04/05/2018,787.83,136.59
07/05/2018,796.25,136.55
08/05/2018,786.33,136.05
09/05/2018,790.48,136.08
10/05/2018,805.72,136.33
11/05/2018,801.13,136.85
14/05/2018,805.31,136.8
15/05/2018,804.93,135.79
16/05/2018,802.52,135.41
17/05/2018,802.39,135.3
18/05/2018,798.13,135.33
21/05/2018,806.59,135.28
22/05/2018,808.52,135.41
23/05/2018,803.1,135.05
24/05/2018,796.34,135.43
25/05/2018,786.01,135.28
28/05/2018,784.53,135.22
29/05/2018,778.01,134.98
30/05/2018,781.68,135.03
31/05/2018,784.68,135.43
01/06/2018,780.88,135.21
04/06/2018,764.04,135.39
05/06/2018,754.2,135.32
06/06/2018,750.34,135.53
07/06/2018,747.43,135.81
08/06/2018,743.77,135.45
11/06/2018,745.49,135.58
12/06/2018,748.18,135.54
13/06/2018,746.33,135.46
14/06/2018,744.43,135.11
15/06/2018,739.96,134.85
18/06/2018,739.12,134.85
19/06/2018,732.49,134.52
20/06/2018,734.37,134.5
21/06/2018,729.82,134.7
22/06/2018,733.25,134.9
25/06/2018,729.3,135.08
26/06/2018,722.97,134.82
27/06/2018,712.33,134.48
28/06/2018,710.35,134.22
29/06/2018,716.51,134.96
02/07/2018,716.5,134.54
03/07/2018,718.57,135.01
04/07/2018,715.04,135.03
05/07/2018,719.43,135.41
06/07/2018,727.13,135.8
09/07/2018,735.7,135.85
10/07/2018,734.33,135.58
11/07/2018,728.16,135.58
12/07/2018,732.89,135.31
13/07/2018,729.82,135.29
16/07/2018,726.26,135.51
17/07/2018,724.62,135.4
18/07/2018,727.35,135.1
19/07/2018,727.85,134.88
20/07/2018,732.26,135.22
23/07/2018,733.02,135.03
24/07/2018,740.45,135.13
25/07/2018,749.02,135.09
26/07/2018,745.67,134.98
27/07/2018,746.64,134.95
30/07/2018,744.63,135.23
31/07/2018,746.56,135.19
01/08/2018,745.53,134.89
02/08/2018,740.17,134.45
03/08/2018,734.54,134.45
06/08/2018,731.32,134.46
07/08/2018,732.29,134.58
08/08/2018,731.93,134.6
09/08/2018,732.13,134.53
10/08/2018,721.14,133.83
13/08/2018,711.66,133.63
14/08/2018,698.54,133.36
15/08/2018,689,133.06
16/08/2018,693.52,133.51
17/08/2018,698.28,133.64
20/08/2018,709.39,133.9
21/08/2018,716.83,134.33
22/08/2018,715.46,134.74
23/08/2018,707.6,134.52
24/08/2018,712.28,134.8
27/08/2018,718.04,135.02
28/08/2018,716.66,135.14
29/08/2018,718.29,134.84
30/08/2018,712.19,134.84
31/08/2018,714.61,134.77
03/09/2018,713.63,134.72
04/09/2018,707.55,134.16
05/09/2018,701.93,134.38
06/09/2018,702.51,134.54
07/09/2018,698.05,134.13
10/09/2018,696.61,134.21
11/09/2018,698.46,133.87
12/09/2018,699.59,134.29
13/09/2018,696.6,134.58
14/09/2018,698.02,134.41
17/09/2018,697.17,134.59
18/09/2018,705.71,134.51
19/09/2018,708.13,134.38
20/09/2018,712.87,134.91
21/09/2018,719.59,135.07
24/09/2018,712.85,135.05
25/09/2018,709.33,134.8
26/09/2018,706.93,134.74
27/09/2018,704.25,134.4
28/09/2018,704.96,134.23
01/10/2018,701.53,133.98
02/10/2018,708.76,133.96
03/10/2018,708.4,133.62
04/10/2018,696.99,133.17
05/10/2018,694.67,132.91
08/10/2018,696.47,132.7
09/10/2018,698.11,132.68
10/10/2018,683.88,132.97
11/10/2018,670.39,133.3
12/10/2018,680.93,133.38
15/10/2018,680.29,133.6
16/10/2018,691.91,133.72
17/10/2018,691.25,133.44
18/10/2018,685.62,133.17
19/10/2018,685.76,133.08
22/10/2018,686.85,132.91
23/10/2018,670.72,132.91
24/10/2018,662.07,132.76
25/10/2018,668.67,132.58
26/10/2018,662.76,132.7
29/10/2018,654.47,132.62
30/10/2018,659.37,132.38
31/10/2018,666.71,132.1
01/11/2018,685.03,132.48
02/11/2018,687.88,132.31
05/11/2018,695.49,132.44
06/11/2018,703.28,132.54
07/11/2018,723.84,132.89
08/11/2018,720.7,132.66
09/11/2018,714.21,132.32
12/11/2018,714.05,131.8
13/11/2018,710.22,131.93
14/11/2018,709.11,132.06
15/11/2018,712.26,132.26
16/11/2018,718.71,132.68
19/11/2018,714.99,132.97
20/11/2018,702.78,132.7
21/11/2018,712.26,132.53
22/11/2018,710.25,132.66
23/11/2018,710.71,132.44
26/11/2018,716.86,132.33
27/11/2018,725.06,132.06
28/11/2018,738.14,131.92
29/11/2018,740.69,132.79
30/11/2018,736.14,132.5
03/12/2018,746.01,133.05
04/12/2018,739.13,133.38
05/12/2018,733.57,133.15
06/12/2018,728.02,133.48
07/12/2018,720.79,133.49
10/12/2018,714.07,133.27
11/12/2018,715.98,132.96
12/12/2018,723.8,133.31
13/12/2018,729.07,133.25
14/12/2018,721.4,132.98
17/12/2018,708.01,133.29
18/12/2018,700.56,133.51
19/12/2018,696.45,133.94
20/12/2018,687.99,133.99
21/12/2018,676.67,133.87
24/12/2018,668.85,133.95
26/12/2018,684.52,133.81
27/12/2018,682.18,133.93
28/12/2018,685.83,134.23
31/12/2018,688.8,134.37
02/01/2019,693.32,134.15
03/01/2019,685.36,134.49
04/01/2019,704.79,134.41
07/01/2019,708.92,134.63
08/01/2019,717.22,134.39
09/01/2019,726.14,134.95
10/01/2019,735.69,135.2
11/01/2019,739.37,135.13
14/01/2019,733.32,135.13
15/01/2019,734.7,135.03
16/01/2019,737.4,134.78
17/01/2019,743.06,134.58
18/01/2019,744.97,134.51
21/01/2019,747.81,134.43
22/01/2019,741.72,134.5
23/01/2019,745.32,134.74
24/01/2019,761.06,134.82
25/01/2019,764.81,135.17
28/01/2019,764.04,135.4
29/01/2019,769.59,135.36
30/01/2019,775.44,135.58
31/01/2019,788.89,136.31
01/02/2019,791.54,136.05
04/02/2019,789.79,135.73
05/02/2019,793.1,135.75
06/02/2019,789.85,135.58
07/02/2019,786,135.6
08/02/2019,782.32,135.51
11/02/2019,787,135.03
12/02/2019,793.41,135.13
13/02/2019,796.6,135.14
14/02/2019,803.93,135.13
15/02/2019,797.64,135.11
18/02/2019,801.32,135.4
19/02/2019,805.19,135.67
20/02/2019,803.04,135.92
21/02/2019,807.49,135.73
22/02/2019,816.41,135.87
25/02/2019,816.51,135.96
26/02/2019,816.41,136.08
27/02/2019,810.02,136.18
28/02/2019,810.8,136.04
01/03/2019,808.24,135.92
04/03/2019,813.84,135.6
05/03/2019,814.41,135.53
06/03/2019,804.18,135.81
07/03/2019,798.69,135.59
08/03/2019,791.69,135.66
11/03/2019,807.9,135.63
12/03/2019,817.18,136.09
13/03/2019,821.88,136.38
14/03/2019,819.96,136.32
15/03/2019,817.23,136.65
18/03/2019,827.11,136.8
19/03/2019,826.62,136.84
20/03/2019,824.8,137.08
21/03/2019,820.83,137.41
22/03/2019,806.42,137.31
25/03/2019,801.27,137.77
26/03/2019,803.67,137.51
27/03/2019,804.63,137.59
28/03/2019,809.36,137.37
29/03/2019,814.15,137.34
01/04/2019,820.36,137.02
02/04/2019,822.66,136.85
03/04/2019,829.69,136.94
04/04/2019,832.91,136.95
05/04/2019,841.77,136.97
08/04/2019,841.12,137.23
09/04/2019,836.92,137.43
10/04/2019,844.49,137.42
11/04/2019,838.18,137.47
12/04/2019,834.33,137.44
15/04/2019,839.79,137.38
16/04/2019,842.16,137.24
17/04/2019,842.4,137.32
18/04/2019,840.67,137.2
22/04/2019,842.32,137.25
23/04/2019,845.14,136.86
24/04/2019,845.01,137.14
25/04/2019,842.39,136.6
26/04/2019,844.72,136.92
29/04/2019,845.17,136.84
30/04/2019,846.68,137.17
01/05/2019,848.41,137.42
02/05/2019,841.12,136.92
03/05/2019,851.05,137.07
06/05/2019,835.5,137.16
07/05/2019,848.19,137.3
08/05/2019,843.18,137.29
09/05/2019,831.32,137.31
10/05/2019,837.76,137.41
13/05/2019,821.42,137.5
14/05/2019,824.61,137.28
15/05/2019,832.28,137.48
16/05/2019,836.38,137.24
17/05/2019,827.59,137.07
20/05/2019,821.62,137
21/05/2019,837.47,136.99
22/05/2019,839.47,136.94
23/05/2019,822.94,137.11
24/05/2019,829.68,137.52
27/05/2019,830.55,137.53
28/05/2019,837,137.53
29/05/2019,830.58,137.46
30/05/2019,835.77,137.44
31/05/2019,835.72,137.85
03/06/2019,847.89,138.45
04/06/2019,852.31,138.66
05/06/2019,856.04,139.12
06/06/2019,855.72,139.34
07/06/2019,864.38,140.05
10/06/2019,867.4,139.54
11/06/2019,872.68,139.66
12/06/2019,866.22,139.77
13/06/2019,875.9,139.51
14/06/2019,869.23,139.36
17/06/2019,866.24,139.26
18/06/2019,876.23,139.5
19/06/2019,882.18,139.72
20/06/2019,893.84,140.77
21/06/2019,890,140.7
24/06/2019,892.2,141.44
25/06/2019,884.93,141.61
26/06/2019,883.11,141.42
27/06/2019,890.49,141.51
28/06/2019,894.86,141.73
01/07/2019,896.06,141.45
02/07/2019,905.55,141.37
03/07/2019,910.11,141.69
04/07/2019,910.21,141.91
05/07/2019,911.5,141.08
08/07/2019,909.89,140.98
09/07/2019,909.2,140.7
10/07/2019,911.8,140.88
11/07/2019,910.91,140.68
12/07/2019,908.6,140.61
15/07/2019,904.69,141
16/07/2019,909.06,140.79
17/07/2019,908.59,141.1
18/07/2019,911.5,141.24
19/07/2019,910.74,141.32
22/07/2019,910.31,141.37
23/07/2019,904.57,140.86
24/07/2019,906.77,141.09
25/07/2019,903.56,141.18
26/07/2019,903.4,140.92
29/07/2019,904.36,141.09
30/07/2019,896.99,141.05
31/07/2019,902.44,141.38
01/08/2019,911.26,141.06
02/08/2019,905.11,141.57
05/08/2019,878.46,142.17
06/08/2019,884.17,142.3
07/08/2019,904.85,142.77
08/08/2019,924.49,142.48
09/08/2019,920.98,142.57
12/08/2019,919.81,142.84
13/08/2019,920.93,142.73
14/08/2019,901.76,142.99
15/08/2019,893.42,143.28
16/08/2019,907.08,143.05
19/08/2019,917.88,142.51
20/08/2019,918.58,142.67
21/08/2019,932.29,142.68
22/08/2019,921.48,142.2
23/08/2019,908.7,142.71
26/08/2019,911.1,142.61
27/08/2019,911.62,142.85
28/08/2019,915.13,142.78
29/08/2019,914.35,142.55
30/08/2019,920.94,142.17
02/09/2019,931.07,141.82
03/09/2019,920.77,141.76
04/09/2019,936.07,142.28
05/09/2019,935.99,141.74
06/09/2019,932.61,142.16
09/09/2019,924.07,141.74
10/09/2019,921.27,141.23
11/09/2019,931.5,140.92
12/09/2019,927.74,140.94
13/09/2019,930.46,140.79
16/09/2019,931.57,140.54
17/09/2019,943.37,140.76
18/09/2019,943.83,141.17
19/09/2019,957.48,141.1
20/09/2019,956.73,140.99
23/09/2019,954.62,141.2
24/09/2019,943.95,141.58
25/09/2019,942.16,140.9
26/09/2019,932.69,140.94
27/09/2019,917.67,140.96
30/09/2019,919.23,140.6
01/10/2019,914.33,140.59
02/10/2019,904.03,140.83
03/10/2019,906.43,141.46
04/10/2019,927.8,141.41
07/10/2019,925.09,141.36
08/10/2019,923.23,141.19
09/10/2019,920.83,141.07
10/10/2019,925.93,140.87
11/10/2019,932.42,140.9
14/10/2019,926.04,141.01
15/10/2019,919.58,140.81
16/10/2019,912.91,140.8
17/10/2019,922.36,141.43
18/10/2019,923.83,141.5
21/10/2019,932.65,141.42
22/10/2019,925.29,141.45
23/10/2019,920.85,141.52
24/10/2019,920.75,141.5
25/10/2019,916.2,141.21
28/10/2019,919.18,140.96
29/10/2019,915.89,141.2
30/10/2019,900.66,141.37
31/10/2019,902.64,142.1
01/11/2019,904.24,142.05
04/11/2019,899.92,141.75
05/11/2019,897.39,140.98
06/11/2019,892.13,141.19
07/11/2019,892.19,140.4
08/11/2019,893.87,140.22
11/11/2019,901.04,140.23
12/11/2019,901.81,140.13
13/11/2019,897.08,140.31
14/11/2019,902.12,140.57
15/11/2019,907.7,140.92
18/11/2019,900.86,141.15
19/11/2019,903.86,141.15
20/11/2019,897.32,141.17
21/11/2019,896.53,141.02
22/11/2019,896.98,140.89
25/11/2019,911.15,140.72
26/11/2019,914.93,140.96
27/11/2019,926.01,140.91
28/11/2019,927.18,140.9
29/11/2019,930,141.06
02/12/2019,929.59,140.91
03/12/2019,935.24,141.51
04/12/2019,940.81,141.34
05/12/2019,937.79,141.3
06/12/2019,946.48,140.95
09/12/2019,943.19,141.17
10/12/2019,938.47,141.31
11/12/2019,947.34,141.56
12/12/2019,954.73,141.46
13/12/2019,962.15,141.97
16/12/2019,979.44,141.87
17/12/2019,983.97,142.04
18/12/2019,980.91,141.58
19/12/2019,984.22,141.46
20/12/2019,987.26,141.34
23/12/2019,994.79,141.25
24/12/2019,997.27,141.39
26/12/2019,1001.6,141.52
27/12/2019,1000.84,142.05
30/12/2019,997.57,142.07
31/12/2019,999.34,142.21
02/01/2020,1014.83,142.35
03/01/2020,1010.32,142.47
06/01/2020,1009.67,142.66
07/01/2020,1008.22,142.34
08/01/2020,1011.86,141.98
09/01/2020,1017.47,141.76
10/01/2020,1020.72,142
13/01/2020,1031.55,142
14/01/2020,1041.76,142.04
15/01/2020,1042.26,142.49
16/01/2020,1049.2,142.45
17/01/2020,1057.84,142.18
20/01/2020,1057.98,142.15
21/01/2020,1059.17,142.42
22/01/2020,1054.99,142.4
23/01/2020,1054.55,142.45
24/01/2020,1061.92,142.47
27/01/2020,1038.82,142.75
28/01/2020,1056.98,142.42
29/01/2020,1058.73,142.68
30/01/2020,1046.02,143.04
31/01/2020,1035.84,143.59
03/02/2020,1045.3,143.22
04/02/2020,1072.69,142.9
05/02/2020,1092.49,142.41
06/02/2020,1097.53,142.34
07/02/2020,1087.86,142.44
10/02/2020,1089.79,142.39
11/02/2020,1117.27,142.27
12/02/2020,1141.72,142.12
13/02/2020,1135.62,141.9
14/02/2020,1135.42,141.96
17/02/2020,1135,141.91
18/02/2020,1139.93,141.9
19/02/2020,1205.02,141.78
20/02/2020,1214.13,141.98
21/02/2020,1202.22,142.44
24/02/2020,1162.22,142.81
25/02/2020,1130.44,143.02
26/02/2020,1115.89,142.76
27/02/2020,1076.26,143.71
28/02/2020,1060.37,143.9
02/03/2020,1078.78,145.08
03/03/2020,1093.43,145.86
04/03/2020,1123.78,145.7
05/03/2020,1120.83,146.28
06/03/2020,1083.96,147.45
09/03/2020,969.89,147.94
10/03/2020,976.32,146.58
11/03/2020,927.57,145.77
12/03/2020,818.6,142.36
13/03/2020,847.13,141.14
16/03/2020,763.73,140.38
17/03/2020,811.77,138.17
18/03/2020,731.34,134.88
19/03/2020,741.44,133.14
20/03/2020,751.69,133.64
23/03/2020,707.07,133.78
24/03/2020,789.56,133.84
25/03/2020,825.96,134.28
26/03/2020,853.81,137.01
27/03/2020,811.03,138.06
30/03/2020,809.85,137.97
31/03/2020,820.69,137.43
01/04/2020,789.08,136.86
02/04/2020,796.27,136.24
03/04/2020,787.77,135.86
06/04/2020,833.09,135.78
07/04/2020,854.69,136.34
08/04/2020,877.31,136.43
09/04/2020,891.13,137.71
13/04/2020,885.11,137.75
14/04/2020,907.94,138.76
15/04/2020,875.88,138.72
16/04/2020,872.2,138.42
17/04/2020,900.26,138.84
20/04/2020,889.63,138.62
21/04/2020,858.69,138.4
22/04/2020,871.85,137.86
23/04/2020,883.98,138.26
24/04/2020,863.03,138.4
27/04/2020,882.33,138.55
28/04/2020,906.59,138.81
29/04/2020,941.08,139.11
30/04/2020,917.96,140.38
01/05/2020,893.28,140.61
04/05/2020,888.49,139.64
05/05/2020,898.7,139.34
06/05/2020,913.41,138.56
07/05/2020,915.68,138.68
08/05/2020,946.41,139.5
11/05/2020,951.94,138.94
12/05/2020,948.4,139.46
13/05/2020,926.01,139.27
14/05/2020,918.92,138.99
15/05/2020,919.8,139.02
18/05/2020,963.46,139.24
19/05/2020,971.45,140.02
20/05/2020,980.19,140.61
21/05/2020,975.15,140.48
22/05/2020,963.95,140.09
25/05/2020,972.02,140.15
26/05/2020,1000.11,140.75
27/05/2020,1005.26,140.77
28/05/2020,998.87,141.62
29/05/2020,1014.84,142.39
01/06/2020,1027.83,142.39
02/06/2020,1039.41,143.04
03/06/2020,1050.27,143.13
04/06/2020,1055.38,144.05
05/06/2020,1074.42,143.88
08/06/2020,1098.25,144.27
09/06/2020,1084.47,144.68
10/06/2020,1076.95,144.77
11/06/2020,1019.05,145.29
12/06/2020,1029.18,144.35
15/06/2020,1042.01,144.46
16/06/2020,1061.91,144.42
17/06/2020,1044.15,144.45
18/06/2020,1051.74,144.45
19/06/2020,1055.73,144.28
22/06/2020,1058.57,144.86
23/06/2020,1075.32,145.38
24/06/2020,1059.71,144.99
25/06/2020,1055.25,144.69
26/06/2020,1029.04,144.64
29/06/2020,1060.95,144.96
30/06/2020,1069,144.85
01/07/2020,1084.54,144.77
02/07/2020,1101.26,144.88
03/07/2020,1108.39,145.02
06/07/2020,1142.34,145.66
07/07/2020,1142.67,145.6
08/07/2020,1175.54,145.99
09/07/2020,1163.08,146
10/07/2020,1160.4,146.22
13/07/2020,1153.6,146.28
14/07/2020,1178.87,146.67
15/07/2020,1207.19,147
16/07/2020,1198.5,147.3
17/07/2020,1214.57,147.1
20/07/2020,1238.58,147.56
21/07/2020,1248.18,148.14
22/07/2020,1254.92,149.11
23/07/2020,1264.29,149.22
24/07/2020,1238.88,149.18
27/07/2020,1260.47,150.61
28/07/2020,1232.26,150.42
29/07/2020,1234.89,150.69
30/07/2020,1240.51,151.04
31/07/2020,1237.74,151.25
03/08/2020,1259.44,150.56
04/08/2020,1301.91,151.07
05/08/2020,1338.13,151.89
06/08/2020,1340.1,151.86
07/08/2020,1359.47,151.29
10/08/2020,1364.09,151.3
11/08/2020,1351.33,151.01
12/08/2020,1366.52,151.18
13/08/2020,1392.89,151.07
14/08/2020,1380.24,151.04
17/08/2020,1395.36,151.55
18/08/2020,1401.96,152.11
19/08/2020,1413.88,152.05
20/08/2020,1393.68,151.64
21/08/2020,1394.76,151.23
24/08/2020,1414.98,151.5
25/08/2020,1444.62,151.08
26/08/2020,1444.42,151.08
27/08/2020,1441.98,150.68
28/08/2020,1476.87,151.66
31/08/2020,1473.71,152.15
01/09/2020,1495.52,152.36
02/09/2020,1486.3,151.93
03/09/2020,1410.51,152.03
04/09/2020,1378.95,151.48
07/09/2020,1392.09,151.62
08/09/2020,1376.64,151.46
09/09/2020,1414.82,151.37
10/09/2020,1394.69,151.59
11/09/2020,1390.86,151.68
14/09/2020,1430.62,152.06
15/09/2020,1453.71,152.01
16/09/2020,1465.54,152.01
17/09/2020,1432.88,151.98
18/09/2020,1437.22,152.35
21/09/2020,1422.95,151.57
22/09/2020,1430.5,151.07
23/09/2020,1426.45,150.7
24/09/2020,1413.4,150.19
25/09/2020,1440.77,150.15
28/09/2020,1507.15,150.39
29/09/2020,1544.55,151.18
30/09/2020,1587.5,151.09
01/10/2020,1634.16,151.28
02/10/2020,1633.63,151.15
05/10/2020,1709.72,151.6
06/10/2020,1730.44,151.59
07/10/2020,1807.45,151.24
08/10/2020,1815.13,151.43
09/10/2020,1838.06,152.3
12/10/2020,1801.91,152.35
13/10/2020,1797.74,152.03
14/10/2020,1818.52,152.25
15/10/2020,1800.78,151.88
16/10/2020,1798.04,152.17
19/10/2020,1792.26,152.64
20/10/2020,1818.38,152.87
21/10/2020,1747.62,153.23
22/10/2020,1734.65,152.57
23/10/2020,1735.16,152.66
26/10/2020,1708.6,152.58
27/10/2020,1695.13,153.05
28/10/2020,1681.6,152.23
29/10/2020,1692.64,151.51
30/10/2020,1679.48,151.38
02/11/2020,1707.37,151.36
03/11/2020,1731.49,152.18
04/11/2020,1708.57,152.39
05/11/2020,1820.58,153.63
06/11/2020,1837.29,153.96
09/11/2020,1838.53,153.15
10/11/2020,1816.29,152.93
11/11/2020,1872,152.57
12/11/2020,1870.17,153.24
13/11/2020,1861.49,153.35
16/11/2020,1872.6,153.75
17/11/2020,1872.72,154.3
18/11/2020,1855.07,154.43
19/11/2020,1867.54,154.16
20/11/2020,1894.6,154.49
23/11/2020,1929.8,154.09
24/11/2020,1950,154.52
25/11/2020,1984.8,154.82
26/11/2020,1979.53,154.97
27/11/2020,2023.13,155.37
30/11/2020,2025.51,155.36
01/12/2020,2001.62,155.57
02/12/2020,1982.06,155.85
03/12/2020,1974.98,156.86
04/12/2020,1977.07,156.68
07/12/2020,1988.33,156.95
08/12/2020,2032.29,157
09/12/2020,1999.57,156.7
10/12/2020,2013.38,157.16
11/12/2020,2029.89,157.22
14/12/2020,2056.78,157.35
15/12/2020,2141.9,157.55
16/12/2020,2152.86,157.61
17/12/2020,2189.92,158.2
18/12/2020,2225.45,158.04
21/12/2020,2256.55,157.87
22/12/2020,2338.48,157.55
23/12/2020,2381.11,157.51
24/12/2020,2377.64,157.58
28/12/2020,2388.51,157.85
29/12/2020,2380.29,158.35
30/12/2020,2427.79,158.82
31/12/2020,2419.05,158.41
04/01/2021,2458.85,158.98
05/01/2021,2508.81,158.99
06/01/2021,2643.74,158.77
07/01/2021,2826.72,158.5
08/01/2021,2856.16,158.51
11/01/2021,2749.06,157.4
12/01/2021,2779.83,157.25
13/01/2021,2793.23,157.69
14/01/2021,2770.99,157.67
15/01/2021,2629.23,157.16
18/01/2021,2618.69,156.9
19/01/2021,2707.71,157.4
20/01/2021,2688.57,157.37
21/01/2021,2796.66,157.54
22/01/2021,2832.58,157.7
25/01/2021,2791.91,157.73
26/01/2021,2767.42,157.9
27/01/2021,2622.97,157.35
28/01/2021,2638.29,157.47
29/01/2021,2571.98,157.45
01/02/2021,2620.09,156.87
02/02/2021,2650.13,156.31
03/02/2021,2695.33,156.14
04/02/2021,2662.05,155.77
05/02/2021,2681.31,156.14
08/02/2021,2716.47,156.32
09/02/2021,2696.11,156.85
10/02/2021,2666.16,157.16
11/02/2021,2675.81,157.26
12/02/2021,2620.1,156.85
15/02/2021,2632.1,156.73
16/02/2021,2592.14,156.32
17/02/2021,2544.71,155.62
18/02/2021,2414.92,155.62
19/02/2021,2459.46,155.93
22/02/2021,2313.67,156.04
23/02/2021,2271.79,155.99
24/02/2021,2298.79,155.48
25/02/2021,2222.72,155.64
26/02/2021,2227.86,155.03
01/03/2021,2315.35,154.9
02/03/2021,2248.11,155.1
03/03/2021,2115.67,154.75
04/03/2021,2037.91,154.48
05/03/2021,1973.03,153.11
08/03/2021,1936.75,152.51
09/03/2021,2070.92,153
10/03/2021,2077.24,153.22
11/03/2021,2202.13,153.98
12/03/2021,2193.04,153.4
15/03/2021,2178.93,153.46
16/03/2021,2144.15,153.35
17/03/2021,2068.3,153.02
18/03/2021,1997.69,152.93
19/03/2021,2017.6,152.9
22/03/2021,2056.08,153.21
23/03/2021,2027.63,152.98
24/03/2021,1943.71,152.76
25/03/2021,1930.18,152.4
26/03/2021,1974.03,152.39
29/03/2021,1932.03,151.84
30/03/2021,2010.82,151.3
31/03/2021,2077.44,151.67
01/04/2021,2095.76,152
02/04/2021,2094.92,151.96
05/04/2021,2044.82,152.33
06/04/2021,2056.03,152.73
07/04/2021,2004.53,153.22
08/04/2021,2018.24,153.44
09/04/2021,2018.74,153.12
12/04/2021,1984.32,153.21
13/04/2021,2016.52,153.41
14/04/2021,2024.94,153.74
15/04/2021,1997.25,154.09
16/04/2021,2048.21,154.02
19/04/2021,2003.75,154.28
20/04/2021,1990.92,154.57
21/04/2021,2014.06,154.54
22/04/2021,2075.39,154.56
23/04/2021,2104.14,154.63
26/04/2021,2121.55,154.98
27/04/2021,2112.73,154.87
28/04/2021,2072.46,154.83
29/04/2021,2037.35,154.75
30/04/2021,2003.71,154.12
03/05/2021,1982.15,154.56
04/05/2021,1894.55,154.37
05/05/2021,1899.87,154.13
06/05/2021,1867.71,154.57
07/05/2021,1902.77,155.3
10/05/2021,1856.86,155.48
11/05/2021,1845.3,155.06
12/05/2021,1799.76,153.98
13/05/2021,1797.65,153.84
14/05/2021,1851.79,154.49
17/05/2021,1843.78,154.49
18/05/2021,1884.89,155.08
19/05/2021,1891.78,154.89
20/05/2021,1937.59,155.03
21/05/2021,1951.31,155.02
24/05/2021,1947.63,155.35
25/05/2021,1948.08,155.9
26/05/2021,1972.31,155.96
27/05/2021,1965.26,155.69
28/05/2021,1977.3,155.57
31/05/2021,1974.19,155.96
01/06/2021,1975.01,156.11
02/06/2021,1945.07,155.96
03/06/2021,1914.57,155.21
04/06/2021,1927.43,155.71
07/06/2021,1935.91,155.88
08/06/2021,1946.67,156.13
09/06/2021,1939.23,156.42
10/06/2021,1942.26,156.35
11/06/2021,1952.69,156.01
14/06/2021,1976.91,155.94
15/06/2021,1955.34,155.77
16/06/2021,1982.56,155.67
17/06/2021,1976.47,154
18/06/2021,1949.91,153.33
21/06/2021,1962.09,153.64
22/06/2021,1983.23,153.51
23/06/2021,1984.05,154.01
24/06/2021,1991.78,153.9
25/06/2021,2005.21,153.82
28/06/2021,2051.54,153.84
29/06/2021,2066.03,153.6
30/06/2021,2034.07,153.5
01/07/2021,2044.99,153.52
02/07/2021,2036.12,153.61
05/07/2021,2038.92,153.68
06/07/2021,2054.73,153.85
07/07/2021,2047.59,153.87
08/07/2021,2014.61,154.39
09/07/2021,2016.2,154.22
12/07/2021,2041.9,154.37
13/07/2021,2023.15,153.96
14/07/2021,1976.68,154.1
15/07/2021,1935.94,154.21
16/07/2021,1926.04,154.21
19/07/2021,1905.03,154.43
20/07/2021,1920.22,154.21
21/07/2021,1977.15,154.22
22/07/2021,1986.35,154.58
23/07/2021,1959.58,154.29
26/07/2021,1949.58,154.7
27/07/2021,1929.75,154.95
28/07/2021,1972.79,154.74
29/07/2021,1979.84,155.55
30/07/2021,1973.26,155.39
02/08/2021,1981.28,155.87
03/08/2021,2011.39,155.75
04/08/2021,2015.33,155.67
05/08/2021,2002.16,155.76
06/08/2021,1993.26,154.6
09/08/2021,2020.64,154.42
10/08/2021,2022.02,154.25
11/08/2021,2005.94,154.39
12/08/2021,1980.16,154.32
13/08/2021,1973.15,154.96
16/08/2021,1951.58,155.03
17/08/2021,1930.78,154.31
18/08/2021,1951.56,154.33
19/08/2021,1944.7,154.02
20/08/2021,1971.13,153.97
23/08/2021,1997.14,154.55
24/08/2021,2014.5,154.74
25/08/2021,2014.48,154.15
26/08/2021,2000.2,154.1
27/08/2021,2009.33,154.51
30/08/2021,2032.74,154.88
31/08/2021,2029.74,154.82